<?xml version="1.0"?>
<decision desc="How to proceed from today?">
  <decision name="New Product">
            <decision name="Thorough development" cost="75000">
                        <outcome type="poor" probability="0.2" returns="1000"/>
                        <outcome type="moderate" probability="0.4" returns="25000"/>
                        <outcome type="good" probability="0.4" returns="500000" />
             </decision> 
               <decision name="Rapid development" cost="40000">
                        <outcome type="poor" probability="0.7" returns="1000"/>
                        <outcome type="moderate" probability="0.2" returns="25000"/>
                        <outcome type="good" probability="0.1" returns="500000" />
               </decision>
              

   </decision>
   <decision name="Consolidate">
      <decision name="Strengthen products" cost="15000">
                        <outcome type="poor" probability="0.3" returns="3000"/>
                        <outcome type="moderate" probability="0.4" returns="10000"/>
                        <outcome type="good" probability="0.3" returns="200000" />
      
      </decision>
      <decision name="Reap products" cost="0">
                        <outcome type="poor" probability="0.6" returns="10000"/>
                        <outcome type="good" probability="0.4" returns="1000" />
      
      </decision>
      
   </decision>
   

</decision>